checkpoint,value,Session_ID,Prediction
original_missing,2957,,
processed_missing,0,,
original_rows,9864,,
processed_rows,9864,,
original_columns,19,,
processed_columns,42,,
row_retained_percent,100.0,,
model_name,LogisticRegression,,
,,106094.0,0.0
,,111845.0,0.0
,,106794.0,0.0
,,103444.0,0.0
,,106833.0,0.0
,,102684.0,1.0
,,110590.0,0.0
,,101688.0,0.0
,,108143.0,0.0
,,100700.0,0.0
,,108404.0,0.0
,,105146.0,0.0
,,107283.0,0.0
,,109986.0,0.0
,,110020.0,0.0
,,104732.0,0.0
,,108099.0,0.0
,,108288.0,0.0
,,104690.0,0.0
,,101132.0,0.0
,,109452.0,0.0
,,110613.0,0.0
,,108223.0,0.0
,,103882.0,0.0
,,105838.0,1.0
,,102217.0,0.0
,,110564.0,0.0
,,103854.0,0.0
,,109526.0,0.0
,,110363.0,1.0
,,102760.0,0.0
,,110919.0,0.0
,,105341.0,0.0
,,101176.0,1.0
,,107740.0,0.0
,,106306.0,1.0
,,106785.0,0.0
,,110135.0,0.0
,,110871.0,0.0
,,108459.0,0.0
,,101006.0,0.0
,,102496.0,0.0
,,107305.0,1.0
,,103309.0,0.0
,,102313.0,0.0
,,111016.0,0.0
,,111451.0,0.0
,,104657.0,1.0
,,104681.0,0.0
,,104575.0,0.0
,,101118.0,0.0
,,109129.0,0.0
,,103274.0,0.0
,,104001.0,0.0
,,112172.0,0.0
,,103245.0,0.0
,,105385.0,0.0
,,103006.0,0.0
,,102964.0,0.0
,,104922.0,0.0
,,104865.0,0.0
,,100752.0,0.0
,,109372.0,1.0
,,101496.0,0.0
,,112317.0,0.0
,,106455.0,0.0
,,103713.0,0.0
,,102751.0,0.0
,,105949.0,0.0
,,110001.0,0.0
,,100474.0,0.0
,,104924.0,1.0
,,100782.0,0.0
,,108901.0,1.0
,,100814.0,1.0
,,103342.0,0.0
,,109149.0,0.0
,,110795.0,0.0
,,103099.0,0.0
,,105192.0,1.0
,,110711.0,0.0
,,103273.0,0.0
,,110863.0,0.0
,,104555.0,0.0
,,107367.0,1.0
,,106579.0,0.0
,,100042.0,0.0
,,101317.0,0.0
,,109565.0,1.0
,,103424.0,0.0
,,100126.0,0.0
,,101361.0,0.0
,,110774.0,0.0
,,110010.0,0.0
,,106546.0,0.0
,,107595.0,0.0
,,102914.0,1.0
,,102277.0,0.0
,,101551.0,0.0
,,106239.0,1.0
,,110375.0,0.0
,,101824.0,0.0
,,100492.0,0.0
,,105723.0,0.0
,,101677.0,0.0
,,106838.0,0.0
,,106629.0,0.0
,,100475.0,0.0
,,110723.0,0.0
,,105639.0,0.0
,,111433.0,1.0
,,104084.0,0.0
,,109498.0,0.0
,,100413.0,0.0
,,108472.0,0.0
,,105958.0,1.0
,,112323.0,0.0
,,109511.0,0.0
,,109937.0,0.0
,,107693.0,0.0
,,109870.0,0.0
,,100905.0,0.0
,,111236.0,0.0
,,109811.0,1.0
,,107623.0,0.0
,,109244.0,0.0
,,108560.0,0.0
,,104640.0,0.0
,,104047.0,0.0
,,103554.0,0.0
,,105067.0,0.0
,,107746.0,0.0
,,100166.0,0.0
,,106363.0,1.0
,,108763.0,1.0
,,108686.0,0.0
,,107895.0,1.0
,,107471.0,1.0
,,109736.0,0.0
,,109795.0,0.0
,,110901.0,0.0
,,107012.0,0.0
,,110140.0,1.0
,,110918.0,0.0
,,111911.0,1.0
,,107263.0,0.0
,,101576.0,0.0
,,107155.0,0.0
,,105041.0,0.0
,,112238.0,1.0
,,103164.0,0.0
,,111610.0,0.0
,,104735.0,0.0
,,106180.0,0.0
,,102219.0,0.0
,,112128.0,1.0
,,106467.0,0.0
,,103100.0,0.0
,,108944.0,0.0
,,100267.0,0.0
,,107128.0,0.0
,,102546.0,0.0
,,107315.0,0.0
,,107610.0,0.0
,,104702.0,0.0
,,101923.0,0.0
,,107519.0,1.0
,,109322.0,0.0
,,105470.0,0.0
,,104505.0,0.0
,,103049.0,0.0
,,109596.0,0.0
,,110970.0,0.0
,,106272.0,0.0
,,110604.0,0.0
,,103022.0,0.0
,,108411.0,0.0
,,101850.0,0.0
,,106414.0,1.0
,,100360.0,0.0
,,111039.0,1.0
,,104158.0,0.0
,,107550.0,0.0
,,111862.0,1.0
,,105668.0,0.0
,,109212.0,0.0
,,103925.0,1.0
,,107685.0,0.0
,,110172.0,0.0
,,101550.0,0.0
,,103055.0,1.0
,,110699.0,0.0
,,105363.0,0.0
,,109448.0,0.0
,,111052.0,0.0
,,101312.0,0.0
,,109529.0,0.0
,,104907.0,0.0
,,107785.0,0.0
,,105135.0,0.0
,,104533.0,1.0
,,105263.0,0.0
,,105045.0,0.0
,,102940.0,1.0
,,107914.0,0.0
,,104290.0,0.0
,,105009.0,0.0
,,107450.0,0.0
,,109668.0,1.0
,,105596.0,0.0
,,107967.0,0.0
,,101237.0,0.0
,,104088.0,0.0
,,100645.0,0.0
,,105939.0,1.0
,,105672.0,0.0
,,107065.0,0.0
,,112240.0,0.0
,,106266.0,0.0
,,100172.0,0.0
,,107748.0,0.0
,,108389.0,0.0
,,106961.0,0.0
,,109115.0,1.0
,,107498.0,1.0
,,111351.0,0.0
,,107240.0,0.0
,,109640.0,0.0
,,110573.0,0.0
,,104462.0,0.0
,,107790.0,0.0
,,111538.0,1.0
,,111391.0,0.0
,,111677.0,0.0
,,105195.0,0.0
,,103384.0,0.0
,,108196.0,0.0
,,100703.0,0.0
,,106316.0,0.0
,,108850.0,0.0
,,100955.0,1.0
,,111053.0,0.0
,,110109.0,0.0
,,100323.0,0.0
,,101206.0,0.0
,,108900.0,1.0
,,108674.0,0.0
,,112216.0,0.0
,,105249.0,0.0
,,107158.0,0.0
,,103240.0,0.0
,,108035.0,0.0
,,111877.0,0.0
,,101011.0,0.0
,,108397.0,0.0
,,107512.0,0.0
,,102844.0,0.0
,,100928.0,0.0
,,107074.0,0.0
,,102780.0,1.0
,,100570.0,0.0
,,101813.0,1.0
,,101271.0,0.0
,,111276.0,0.0
,,110682.0,0.0
,,102195.0,0.0
,,104601.0,0.0
,,109092.0,0.0
,,107806.0,1.0
,,108735.0,0.0
,,108082.0,0.0
,,100662.0,0.0
,,106963.0,0.0
,,110722.0,0.0
,,101389.0,1.0
,,109520.0,0.0
,,111226.0,0.0
,,102071.0,1.0
,,108843.0,0.0
,,102919.0,0.0
,,111847.0,0.0
,,108090.0,0.0
,,108765.0,0.0
,,104093.0,0.0
,,100613.0,0.0
,,108704.0,0.0
,,105485.0,0.0
,,105808.0,0.0
,,108332.0,0.0
,,105881.0,0.0
,,104848.0,0.0
,,105253.0,0.0
,,103735.0,0.0
,,105610.0,0.0
,,100122.0,0.0
,,107294.0,0.0
,,109913.0,0.0
,,102838.0,1.0
,,110159.0,0.0
,,102814.0,1.0
,,107387.0,1.0
,,109112.0,0.0
,,105873.0,0.0
,,107132.0,1.0
,,107195.0,0.0
,,102143.0,0.0
,,106112.0,1.0
,,101636.0,0.0
,,112176.0,0.0
,,111953.0,0.0
,,102419.0,0.0
,,100702.0,0.0
,,102340.0,0.0
,,110674.0,0.0
,,102698.0,0.0
,,100349.0,0.0
,,102444.0,0.0
,,101275.0,0.0
,,107203.0,0.0
,,107689.0,0.0
,,101670.0,0.0
,,104610.0,0.0
,,101004.0,0.0
,,109063.0,0.0
,,105980.0,0.0
,,108063.0,0.0
,,103082.0,0.0
,,109207.0,0.0
,,110117.0,0.0
,,108437.0,1.0
,,102005.0,0.0
,,101038.0,0.0
,,103891.0,0.0
,,101846.0,1.0
,,107160.0,0.0
,,100182.0,0.0
,,105438.0,1.0
,,105050.0,0.0
,,104420.0,0.0
,,107708.0,0.0
,,111536.0,0.0
,,101310.0,0.0
,,105361.0,0.0
,,107311.0,1.0
,,107948.0,0.0
,,101619.0,0.0
,,104321.0,0.0
,,106577.0,0.0
,,109473.0,0.0
,,105737.0,0.0
,,105353.0,0.0
,,103695.0,0.0
,,103030.0,0.0
,,109042.0,0.0
,,100158.0,0.0
,,105758.0,1.0
,,102951.0,0.0
,,107153.0,0.0
,,109061.0,0.0
,,107984.0,0.0
,,109405.0,0.0
,,111286.0,0.0
,,111817.0,1.0
,,100876.0,0.0
,,105193.0,0.0
,,102927.0,0.0
,,104401.0,1.0
,,100140.0,0.0
,,111525.0,0.0
,,105287.0,0.0
,,100453.0,0.0
,,102868.0,0.0
,,104481.0,0.0
,,102807.0,0.0
,,101051.0,1.0
,,112325.0,0.0
,,102595.0,0.0
,,108481.0,0.0
,,106493.0,0.0
,,111320.0,0.0
,,104562.0,0.0
,,111827.0,0.0
,,101106.0,1.0
,,109782.0,0.0
,,101403.0,0.0
,,100580.0,0.0
,,104965.0,0.0
,,107875.0,1.0
,,105673.0,0.0
,,108138.0,0.0
,,110990.0,0.0
,,100081.0,0.0
,,104092.0,0.0
,,108941.0,0.0
,,106242.0,0.0
,,103175.0,0.0
,,106810.0,0.0
,,100981.0,0.0
,,108739.0,0.0
,,104504.0,0.0
,,108596.0,0.0
,,105557.0,1.0
,,111553.0,1.0
,,100504.0,0.0
,,108810.0,0.0
,,104792.0,0.0
,,100208.0,0.0
,,109202.0,0.0
,,107976.0,0.0
,,108762.0,0.0
,,108313.0,0.0
,,110467.0,1.0
,,109018.0,0.0
,,102295.0,0.0
,,104132.0,0.0
,,111807.0,0.0
,,106921.0,0.0
,,103379.0,1.0
,,100276.0,0.0
,,100197.0,1.0
,,110216.0,0.0
,,107504.0,0.0
,,109759.0,0.0
,,108661.0,1.0
,,102045.0,0.0
,,102384.0,0.0
,,101092.0,0.0
,,107049.0,0.0
,,105918.0,0.0
,,105837.0,0.0
,,102111.0,0.0
,,103463.0,0.0
,,100980.0,1.0
,,108213.0,0.0
,,101325.0,0.0
,,103380.0,0.0
,,109566.0,1.0
,,103340.0,0.0
,,105540.0,0.0
,,103967.0,0.0
,,107596.0,0.0
,,109510.0,1.0
,,107921.0,0.0
,,110473.0,1.0
,,100533.0,0.0
,,102705.0,0.0
,,104785.0,0.0
,,105814.0,0.0
,,106140.0,0.0
,,101807.0,0.0
,,101319.0,0.0
,,108231.0,1.0
,,104688.0,0.0
,,108465.0,0.0
,,104893.0,0.0
,,108994.0,0.0
,,101770.0,0.0
,,108635.0,0.0
,,111918.0,0.0
,,102850.0,0.0
,,112303.0,0.0
,,104078.0,0.0
,,110315.0,0.0
,,111412.0,0.0
,,105840.0,0.0
,,110287.0,0.0
,,110048.0,1.0
,,109996.0,0.0
,,109285.0,0.0
,,104010.0,0.0
,,106200.0,0.0
,,102727.0,0.0
,,101960.0,0.0
,,101763.0,0.0
,,111646.0,0.0
,,109549.0,1.0
,,109419.0,0.0
,,106103.0,0.0
,,107028.0,0.0
,,109220.0,0.0
,,100884.0,0.0
,,105117.0,0.0
,,111206.0,0.0
,,102495.0,0.0
,,103148.0,0.0
,,102296.0,0.0
,,101905.0,1.0
,,107935.0,0.0
,,103010.0,0.0
,,104807.0,0.0
,,104725.0,0.0
,,108575.0,0.0
,,101081.0,1.0
,,110521.0,0.0
,,108616.0,0.0
,,103505.0,0.0
,,106156.0,0.0
,,111256.0,0.0
,,111148.0,0.0
,,104072.0,0.0
,,111086.0,0.0
,,110977.0,0.0
,,108166.0,0.0
,,109165.0,0.0
,,100383.0,0.0
,,107807.0,0.0
,,112160.0,0.0
,,105265.0,0.0
,,104674.0,0.0
,,106621.0,0.0
,,108742.0,0.0
,,103489.0,1.0
,,105662.0,0.0
,,108973.0,1.0
,,105356.0,0.0
,,108334.0,1.0
,,101033.0,1.0
,,111512.0,1.0
,,104054.0,0.0
,,110348.0,0.0
,,105509.0,0.0
,,103611.0,0.0
,,111466.0,0.0
,,104106.0,0.0
,,112035.0,0.0
,,109666.0,0.0
,,104034.0,0.0
,,110502.0,0.0
,,106108.0,0.0
,,105959.0,0.0
,,111636.0,1.0
,,108227.0,1.0
,,104752.0,0.0
,,104750.0,0.0
,,112308.0,0.0
,,104340.0,1.0
,,107961.0,0.0
,,100021.0,0.0
,,103543.0,1.0
,,109225.0,0.0
,,104887.0,0.0
,,107489.0,0.0
,,102962.0,0.0
,,108782.0,0.0
,,108136.0,0.0
,,108990.0,1.0
,,100619.0,0.0
,,103057.0,0.0
,,103133.0,0.0
,,108300.0,1.0
,,105984.0,0.0
,,111094.0,0.0
,,109869.0,0.0
,,105321.0,0.0
,,108301.0,0.0
,,101674.0,0.0
,,101733.0,0.0
,,101091.0,0.0
,,105230.0,0.0
,,106550.0,0.0
,,100207.0,1.0
,,111581.0,0.0
,,108302.0,0.0
,,108139.0,0.0
,,100515.0,0.0
,,104883.0,0.0
,,101870.0,0.0
,,101123.0,0.0
,,111767.0,0.0
,,107104.0,1.0
,,103881.0,0.0
,,108736.0,0.0
,,105664.0,0.0
,,111592.0,1.0
,,112139.0,0.0
,,110830.0,0.0
,,112097.0,0.0
,,103647.0,1.0
,,103618.0,0.0
,,104096.0,0.0
,,109216.0,0.0
,,104079.0,0.0
,,100497.0,0.0
,,110413.0,1.0
,,103507.0,0.0
,,107408.0,0.0
,,105382.0,0.0
,,105641.0,0.0
,,104145.0,0.0
,,106032.0,0.0
,,104349.0,0.0
,,104247.0,0.0
,,109393.0,0.0
,,107011.0,0.0
,,104167.0,0.0
,,110101.0,0.0
,,101455.0,0.0
,,103994.0,0.0
,,103886.0,0.0
,,104051.0,1.0
,,102826.0,0.0
,,111743.0,0.0
,,100748.0,0.0
,,102529.0,0.0
,,109800.0,0.0
,,111070.0,0.0
,,110075.0,0.0
,,105553.0,0.0
,,109585.0,1.0
,,108687.0,1.0
,,102781.0,0.0
,,100790.0,0.0
,,102146.0,0.0
,,103716.0,0.0
,,109857.0,0.0
,,106370.0,0.0
,,100948.0,0.0
,,111445.0,0.0
,,103813.0,0.0
,,105161.0,0.0
,,105493.0,0.0
,,108522.0,0.0
,,103904.0,0.0
,,106847.0,0.0
,,100644.0,0.0
,,105306.0,0.0
,,111678.0,0.0
,,100538.0,0.0
,,101638.0,1.0
,,100864.0,1.0
,,104897.0,0.0
,,108773.0,0.0
,,102516.0,0.0
,,104989.0,0.0
,,102427.0,1.0
,,109777.0,0.0
,,108752.0,0.0
,,108311.0,0.0
,,106173.0,0.0
,,105159.0,0.0
,,102388.0,1.0
,,106734.0,0.0
,,105455.0,0.0
,,109152.0,0.0
,,103431.0,0.0
,,105592.0,0.0
,,104816.0,0.0
,,104281.0,0.0
,,101408.0,0.0
,,109218.0,0.0
,,100914.0,0.0
,,105660.0,1.0
,,106578.0,0.0
,,103393.0,0.0
,,110504.0,0.0
,,106506.0,1.0
,,102942.0,0.0
,,102160.0,0.0
,,102041.0,0.0
,,101424.0,1.0
,,109326.0,0.0
,,100351.0,0.0
,,104407.0,0.0
,,101463.0,0.0
,,108855.0,0.0
,,105953.0,0.0
,,107544.0,0.0
,,107855.0,0.0
,,110433.0,1.0
,,107175.0,1.0
,,109889.0,0.0
,,103774.0,0.0
,,104628.0,0.0
,,111163.0,0.0
,,108207.0,0.0
,,103177.0,0.0
,,110249.0,0.0
,,112265.0,0.0
,,102344.0,0.0
,,107843.0,1.0
,,109245.0,0.0
,,101013.0,0.0
,,109260.0,0.0
,,100967.0,0.0
,,101189.0,0.0
,,110254.0,0.0
,,106302.0,0.0
,,109521.0,0.0
,,101747.0,0.0
,,110408.0,1.0
,,105116.0,0.0
,,102431.0,0.0
,,102725.0,0.0
,,109014.0,0.0
,,109067.0,0.0
,,110745.0,0.0
,,101612.0,0.0
,,103959.0,1.0
,,106757.0,0.0
,,105157.0,0.0
,,102921.0,0.0
,,103302.0,0.0
,,105150.0,0.0
,,104398.0,0.0
,,112025.0,0.0
,,111410.0,0.0
,,101556.0,0.0
,,112285.0,0.0
,,110469.0,0.0
,,109422.0,0.0
,,107319.0,0.0
,,104995.0,0.0
,,105695.0,0.0
,,105114.0,0.0
,,106853.0,1.0
,,102643.0,0.0
,,111364.0,0.0
,,106992.0,0.0
,,103764.0,0.0
,,103933.0,0.0
,,107778.0,0.0
,,100004.0,0.0
,,108076.0,0.0
,,108375.0,0.0
,,106451.0,0.0
,,101462.0,0.0
,,100150.0,0.0
,,110703.0,0.0
,,111659.0,0.0
,,101168.0,0.0
,,104834.0,0.0
,,109517.0,0.0
,,110760.0,0.0
,,104582.0,0.0
,,103335.0,0.0
,,100414.0,0.0
,,103558.0,0.0
,,105542.0,0.0
,,104723.0,0.0
,,103853.0,0.0
,,102274.0,0.0
,,100344.0,0.0
,,101769.0,0.0
,,111383.0,1.0
,,105141.0,0.0
,,106163.0,0.0
,,109098.0,1.0
,,102656.0,0.0
,,106390.0,0.0
,,101934.0,0.0
,,110290.0,0.0
,,110489.0,1.0
,,102500.0,0.0
,,102346.0,0.0
,,109057.0,0.0
,,103719.0,0.0
,,103138.0,0.0
,,111851.0,0.0
,,104017.0,0.0
,,101021.0,0.0
,,107736.0,0.0
,,102247.0,0.0
,,104650.0,0.0
,,106677.0,0.0
,,110724.0,0.0
,,111502.0,0.0
,,102134.0,0.0
,,109766.0,0.0
,,104606.0,0.0
,,101415.0,0.0
,,109110.0,0.0
,,107400.0,0.0
,,110220.0,0.0
,,101417.0,0.0
,,111904.0,0.0
,,109595.0,0.0
,,102674.0,0.0
,,109438.0,0.0
,,106884.0,0.0
,,108240.0,0.0
,,107378.0,0.0
,,111714.0,0.0
,,103482.0,0.0
,,109957.0,1.0
,,109043.0,0.0
,,109643.0,0.0
,,105862.0,0.0
,,103614.0,0.0
,,107559.0,0.0
,,108112.0,0.0
,,107704.0,0.0
,,107672.0,0.0
,,106076.0,0.0
,,109427.0,0.0
,,112246.0,0.0
,,109515.0,0.0
,,106379.0,0.0
,,109740.0,0.0
,,107646.0,0.0
,,102001.0,0.0
,,102961.0,0.0
,,110506.0,0.0
,,103856.0,0.0
,,106372.0,0.0
,,111416.0,0.0
,,102486.0,0.0
,,101686.0,0.0
,,110298.0,0.0
,,104341.0,0.0
,,108358.0,1.0
,,106866.0,0.0
,,103642.0,0.0
,,103077.0,1.0
,,102337.0,0.0
,,110972.0,0.0
,,111768.0,0.0
,,107207.0,0.0
,,108622.0,0.0
,,111115.0,0.0
,,104197.0,0.0
,,104316.0,0.0
,,107933.0,0.0
,,107103.0,0.0
,,110124.0,0.0
,,111059.0,0.0
,,108502.0,0.0
,,100847.0,0.0
,,105535.0,0.0
,,110555.0,0.0
,,111972.0,0.0
,,105663.0,0.0
,,110678.0,0.0
,,104252.0,0.0
,,107109.0,1.0
,,102331.0,0.0
,,108816.0,0.0
,,108225.0,0.0
,,108224.0,0.0
,,111267.0,1.0
,,109836.0,0.0
,,100179.0,0.0
,,111547.0,0.0
,,103446.0,0.0
,,107553.0,0.0
,,107302.0,0.0
,,110334.0,0.0
,,100329.0,0.0
,,103528.0,0.0
,,108179.0,0.0
,,106233.0,0.0
,,108342.0,0.0
,,106994.0,0.0
,,111458.0,0.0
,,106340.0,0.0
,,103348.0,0.0
,,101079.0,0.0
,,108574.0,1.0
,,104909.0,0.0
,,108722.0,0.0
,,108626.0,0.0
,,103693.0,0.0
,,108261.0,1.0
,,108449.0,0.0
,,102908.0,0.0
,,109481.0,0.0
,,102713.0,0.0
,,107847.0,0.0
,,111514.0,0.0
,,107357.0,0.0
,,101242.0,0.0
,,105051.0,0.0
,,109774.0,0.0
,,108999.0,0.0
,,110092.0,0.0
,,111110.0,0.0
,,106221.0,0.0
,,100469.0,0.0
,,110973.0,0.0
,,108841.0,0.0
,,103769.0,1.0
,,101516.0,0.0
,,103193.0,0.0
,,100634.0,1.0
,,101532.0,0.0
,,110019.0,0.0
,,108175.0,0.0
,,108807.0,0.0
,,102981.0,0.0
,,109002.0,0.0
,,110647.0,0.0
,,108624.0,1.0
,,104422.0,0.0
,,110866.0,0.0
,,111627.0,1.0
,,103155.0,0.0
,,107621.0,0.0
,,111619.0,0.0
,,105781.0,0.0
,,109159.0,0.0
,,106400.0,0.0
,,107705.0,0.0
,,108648.0,0.0
,,108854.0,0.0
,,111623.0,0.0
,,102253.0,0.0
,,105526.0,0.0
,,112257.0,0.0
,,107946.0,0.0
,,101174.0,0.0
,,108496.0,0.0
,,110653.0,0.0
,,101223.0,0.0
,,106377.0,0.0
,,104874.0,0.0
,,100275.0,0.0
,,106941.0,1.0
,,104772.0,0.0
,,111362.0,0.0
,,103436.0,1.0
,,111305.0,0.0
,,106543.0,0.0
,,102550.0,0.0
,,107301.0,0.0
,,111154.0,0.0
,,109237.0,0.0
,,106243.0,1.0
,,108250.0,0.0
,,103028.0,0.0
,,105571.0,0.0
,,104355.0,0.0
,,103332.0,0.0
,,102694.0,0.0
,,101886.0,0.0
,,111508.0,0.0
,,110368.0,1.0
,,102318.0,0.0
,,106647.0,1.0
,,109892.0,0.0
,,103258.0,0.0
,,111521.0,0.0
,,102289.0,0.0
,,100287.0,0.0
,,106148.0,0.0
,,100305.0,0.0
,,101167.0,0.0
,,112294.0,0.0
,,109820.0,0.0
,,104200.0,0.0
,,101657.0,0.0
,,107176.0,0.0
,,104268.0,0.0
,,109046.0,0.0
,,105190.0,0.0
,,103562.0,1.0
,,104377.0,0.0
,,105732.0,1.0
,,105471.0,0.0
,,110637.0,0.0
,,111145.0,0.0
,,106393.0,0.0
,,111513.0,1.0
,,100201.0,1.0
,,100246.0,0.0
,,102426.0,0.0
,,111422.0,0.0
,,104612.0,0.0
,,106252.0,0.0
,,110983.0,0.0
,,101820.0,0.0
,,101982.0,0.0
,,105457.0,0.0
,,100157.0,0.0
,,109741.0,0.0
,,111689.0,0.0
,,111978.0,0.0
,,103899.0,0.0
,,102744.0,0.0
,,111034.0,0.0
,,101800.0,0.0
,,100083.0,0.0
,,106587.0,0.0
,,102375.0,0.0
,,106686.0,1.0
,,102820.0,0.0
,,101650.0,0.0
,,102465.0,1.0
,,110507.0,0.0
,,101685.0,0.0
,,100602.0,0.0
,,104900.0,0.0
,,104525.0,0.0
,,112009.0,0.0
,,105279.0,0.0
,,105182.0,0.0
,,104871.0,0.0
,,102053.0,0.0
,,112214.0,0.0
,,103197.0,0.0
,,100934.0,0.0
,,106230.0,0.0
,,104482.0,0.0
,,105717.0,0.0
,,107407.0,0.0
,,105999.0,1.0
,,102584.0,1.0
,,106016.0,0.0
,,112059.0,0.0
,,103636.0,0.0
,,107578.0,0.0
,,106586.0,0.0
,,110629.0,0.0
,,102867.0,0.0
,,101729.0,0.0
,,101906.0,1.0
,,103157.0,0.0
,,109608.0,1.0
,,100732.0,0.0
,,101062.0,0.0
,,100825.0,0.0
,,106452.0,0.0
,,107470.0,0.0
,,103625.0,0.0
,,100070.0,0.0
,,109271.0,0.0
,,111561.0,0.0
,,107973.0,1.0
,,108706.0,1.0
,,105696.0,0.0
,,108264.0,0.0
,,100330.0,0.0
,,109786.0,0.0
,,106768.0,0.0
,,107735.0,0.0
,,103054.0,0.0
,,107950.0,0.0
,,107180.0,1.0
,,110828.0,1.0
,,103900.0,1.0
,,103620.0,0.0
,,106059.0,0.0
,,101220.0,1.0
,,107951.0,0.0
,,101781.0,1.0
,,103186.0,0.0
,,104860.0,0.0
,,104415.0,0.0
,,102703.0,0.0
,,109939.0,0.0
,,106748.0,0.0
,,106790.0,0.0
,,111745.0,0.0
,,103382.0,1.0
,,104590.0,0.0
,,108367.0,0.0
,,101578.0,0.0
,,101357.0,0.0
,,108163.0,0.0
,,102566.0,0.0
,,102515.0,0.0
,,106318.0,1.0
,,103184.0,0.0
,,100983.0,0.0
,,109187.0,1.0
,,106860.0,0.0
,,112077.0,0.0
,,109122.0,0.0
,,100544.0,0.0
,,106549.0,0.0
,,100338.0,0.0
,,103118.0,0.0
,,100203.0,0.0
,,100204.0,0.0
,,101057.0,0.0
,,103945.0,1.0
,,108847.0,0.0
,,107019.0,1.0
,,105744.0,0.0
,,104342.0,0.0
,,107021.0,0.0
,,106299.0,0.0
,,101050.0,1.0
,,107722.0,1.0
,,102359.0,0.0
,,108317.0,0.0
,,100005.0,0.0
,,104279.0,0.0
,,102599.0,1.0
,,103256.0,0.0
,,108169.0,0.0
,,112086.0,0.0
,,101156.0,0.0
,,106323.0,0.0
,,108324.0,1.0
,,101776.0,0.0
,,106521.0,1.0
,,102248.0,0.0
,,109746.0,0.0
,,101719.0,0.0
,,108997.0,1.0
,,106909.0,0.0
,,104991.0,0.0
,,101171.0,0.0
,,101246.0,0.0
,,102672.0,0.0
,,106766.0,0.0
,,107030.0,0.0
,,110534.0,1.0
,,109148.0,1.0
,,110649.0,0.0
,,107987.0,0.0
,,101084.0,0.0
,,102059.0,0.0
,,102568.0,0.0
,,109718.0,0.0
,,100933.0,0.0
,,102478.0,0.0
,,105650.0,0.0
,,104446.0,0.0
,,111199.0,0.0
,,105456.0,0.0
,,103810.0,0.0
,,107691.0,0.0
,,104633.0,1.0
,,106368.0,0.0
,,111461.0,0.0
,,107687.0,0.0
,,101945.0,0.0
,,111832.0,0.0
,,111499.0,0.0
,,107628.0,0.0
,,100719.0,0.0
,,100479.0,0.0
,,109377.0,0.0
,,109497.0,0.0
,,103421.0,1.0
,,106100.0,0.0
,,104109.0,0.0
,,111996.0,0.0
,,110548.0,1.0
,,102569.0,0.0
,,109814.0,0.0
,,112209.0,0.0
,,108148.0,0.0
,,100751.0,1.0
,,106581.0,0.0
,,104104.0,0.0
,,107822.0,0.0
,,107554.0,0.0
,,111124.0,0.0
,,109246.0,0.0
,,111855.0,0.0
,,107773.0,1.0
,,103472.0,0.0
,,111576.0,0.0
,,108729.0,0.0
,,102810.0,0.0
,,106835.0,0.0
,,102966.0,0.0
,,111175.0,0.0
,,106896.0,1.0
,,101668.0,0.0
,,100307.0,0.0
,,100528.0,0.0
,,108731.0,0.0
,,109091.0,0.0
,,103069.0,0.0
,,112026.0,0.0
,,109951.0,0.0
,,111341.0,0.0
,,104126.0,0.0
,,100268.0,0.0
,,107366.0,0.0
,,107009.0,0.0
,,104969.0,0.0
,,111140.0,0.0
,,106899.0,0.0
,,105377.0,0.0
,,106859.0,1.0
,,109266.0,0.0
,,102037.0,0.0
,,106066.0,0.0
,,105069.0,1.0
,,105233.0,0.0
,,104741.0,0.0
,,109748.0,0.0
,,101873.0,0.0
,,107081.0,1.0
,,110712.0,0.0
,,100512.0,0.0
,,102302.0,1.0
,,109952.0,0.0
,,107713.0,1.0
,,102920.0,0.0
,,106911.0,1.0
,,104229.0,0.0
,,104921.0,0.0
,,101072.0,0.0
,,103279.0,0.0
,,109411.0,0.0
,,102784.0,0.0
,,104251.0,0.0
,,102539.0,0.0
,,101234.0,1.0
,,111667.0,0.0
,,110671.0,0.0
,,109686.0,1.0
,,104371.0,0.0
,,104637.0,0.0
,,109576.0,0.0
,,103220.0,1.0
,,107262.0,0.0
,,109392.0,0.0
,,100946.0,0.0
,,102390.0,0.0
,,110457.0,0.0
,,104019.0,0.0
,,108352.0,0.0
,,101617.0,0.0
,,102204.0,1.0
,,105077.0,0.0
,,111057.0,0.0
,,109417.0,0.0
,,108155.0,0.0
,,111533.0,1.0
,,110376.0,0.0
,,111429.0,1.0
,,104016.0,0.0
,,105460.0,0.0
,,109277.0,0.0
,,102062.0,0.0
,,103200.0,0.0
,,108439.0,0.0
,,106902.0,0.0
,,112280.0,0.0
,,111771.0,1.0
,,110470.0,0.0
,,108275.0,1.0
,,101818.0,0.0
,,110939.0,0.0
,,111721.0,1.0
,,109238.0,0.0
,,107819.0,0.0
,,106119.0,0.0
,,107427.0,1.0
,,105466.0,0.0
,,106251.0,0.0
,,107930.0,0.0
,,106999.0,0.0
,,100320.0,0.0
,,107767.0,0.0
,,103061.0,0.0
,,102080.0,0.0
,,103905.0,0.0
,,107186.0,0.0
,,104219.0,0.0
,,102166.0,0.0
,,104980.0,0.0
,,103074.0,0.0
,,103652.0,0.0
,,108612.0,0.0
,,110013.0,0.0
,,103748.0,0.0
,,107532.0,0.0
,,101370.0,0.0
,,108620.0,1.0
,,102843.0,0.0
,,109107.0,1.0
,,100342.0,0.0
,,111046.0,0.0
,,106064.0,0.0
,,110187.0,1.0
,,100011.0,0.0
,,111674.0,0.0
,,108918.0,1.0
,,102423.0,0.0
,,105156.0,0.0
,,106007.0,0.0
,,110304.0,1.0
,,110074.0,0.0
,,108931.0,0.0
,,111298.0,0.0
,,103817.0,0.0
,,110645.0,1.0
,,100527.0,0.0
,,112084.0,0.0
,,110815.0,0.0
,,106892.0,0.0
,,104892.0,0.0
,,111622.0,0.0
,,109274.0,0.0
,,103150.0,0.0
,,106285.0,0.0
,,103707.0,0.0
,,106997.0,0.0
,,107702.0,0.0
,,103248.0,0.0
,,109991.0,0.0
,,111082.0,0.0
,,104854.0,0.0
,,104412.0,0.0
,,111498.0,0.0
,,100269.0,0.0
,,104798.0,0.0
,,106188.0,0.0
,,103056.0,0.0
,,106041.0,0.0
,,107318.0,1.0
,,102504.0,0.0
,,110782.0,0.0
,,109863.0,0.0
,,104438.0,0.0
,,110664.0,0.0
,,108968.0,0.0
,,101211.0,0.0
,,108142.0,0.0
,,108286.0,0.0
,,104081.0,0.0
,,107414.0,0.0
,,105820.0,0.0
,,105911.0,0.0
,,110343.0,0.0
,,106990.0,0.0
,,100950.0,0.0
,,110448.0,0.0
,,102992.0,0.0
,,101238.0,0.0
,,109310.0,0.0
,,101508.0,0.0
,,104824.0,0.0
,,104032.0,1.0
,,101083.0,0.0
,,105152.0,0.0
,,111197.0,0.0
,,106209.0,0.0
,,105715.0,0.0
,,108131.0,0.0
,,101358.0,0.0
,,103023.0,0.0
,,101302.0,0.0
,,111446.0,0.0
,,106270.0,1.0
,,111695.0,1.0
,,111366.0,0.0
,,102055.0,0.0
,,104071.0,0.0
,,106620.0,0.0
,,105174.0,0.0
,,104576.0,0.0
,,101125.0,0.0
,,101524.0,0.0
,,104228.0,0.0
,,105281.0,1.0
,,109055.0,0.0
,,111216.0,1.0
,,105257.0,0.0
,,111064.0,0.0
,,103683.0,0.0
,,107405.0,0.0
,,101974.0,0.0
,,109875.0,1.0
,,102768.0,1.0
,,107699.0,0.0
,,112193.0,0.0
,,106962.0,0.0
,,103512.0,0.0
,,102492.0,0.0
,,101522.0,0.0
,,101366.0,0.0
,,108016.0,1.0
,,103088.0,0.0
,,103250.0,0.0
,,105989.0,0.0
,,101646.0,0.0
,,100862.0,0.0
,,109844.0,1.0
,,106144.0,0.0
,,101984.0,1.0
,,108028.0,0.0
,,105205.0,0.0
,,100942.0,0.0
,,102382.0,0.0
,,101394.0,0.0
,,108634.0,0.0
,,102475.0,0.0
,,105282.0,0.0
,,104370.0,0.0
,,108546.0,0.0
,,103031.0,0.0
,,102058.0,0.0
,,102383.0,0.0
,,108197.0,0.0
,,108992.0,0.0
,,109839.0,1.0
,,107197.0,0.0
,,102124.0,0.0
,,105763.0,0.0
,,102959.0,0.0
,,106091.0,0.0
,,110661.0,0.0
,,111083.0,0.0
,,104116.0,0.0
,,101913.0,0.0
,,104778.0,0.0
,,102011.0,0.0
,,103801.0,0.0
,,109480.0,0.0
,,109696.0,0.0
,,111232.0,0.0
,,103063.0,0.0
,,109293.0,0.0
,,111120.0,1.0
,,102452.0,0.0
,,102952.0,0.0
,,103525.0,0.0
,,109632.0,0.0
,,103211.0,0.0
,,107205.0,0.0
,,112072.0,0.0
,,110022.0,0.0
,,102392.0,0.0
,,103405.0,1.0
,,105743.0,0.0
,,105339.0,0.0
,,109451.0,0.0
,,106731.0,0.0
,,105472.0,0.0
,,107312.0,0.0
,,102505.0,0.0
,,102901.0,0.0
,,106394.0,0.0
,,107356.0,0.0
,,100860.0,0.0
,,112174.0,0.0
,,108878.0,1.0
,,101163.0,0.0
,,107116.0,0.0
,,109350.0,0.0
,,107821.0,0.0
,,111965.0,0.0
,,110283.0,0.0
,,106644.0,0.0
,,104375.0,0.0
,,108905.0,0.0
,,100879.0,1.0
,,105597.0,0.0
,,110090.0,1.0
,,109629.0,1.0
,,105224.0,0.0
,,101147.0,0.0
,,103039.0,0.0
,,105530.0,0.0
,,101788.0,1.0
,,100147.0,0.0
,,102691.0,0.0
,,102273.0,0.0
,,106002.0,0.0
,,107306.0,0.0
,,108797.0,0.0
,,107144.0,0.0
,,109906.0,0.0
,,105173.0,0.0
,,107033.0,0.0
,,103671.0,0.0
,,111932.0,0.0
,,105987.0,0.0
,,108833.0,1.0
,,109273.0,0.0
,,100314.0,0.0
,,111728.0,1.0
,,105608.0,0.0
,,102440.0,0.0
,,108695.0,0.0
,,100749.0,0.0
,,106264.0,1.0
,,109265.0,0.0
,,104036.0,0.0
,,103515.0,1.0
,,111758.0,0.0
,,103202.0,0.0
,,101901.0,0.0
,,100913.0,0.0
,,109933.0,0.0
,,104381.0,0.0
,,106687.0,0.0
,,107261.0,0.0
,,101927.0,0.0
,,107396.0,0.0
,,104339.0,0.0
,,110772.0,0.0
,,101474.0,0.0
,,107861.0,0.0
,,109859.0,0.0
,,110571.0,0.0
,,105239.0,0.0
,,103299.0,0.0
,,107583.0,0.0
,,100322.0,0.0
,,110088.0,0.0
,,105330.0,0.0
,,102937.0,0.0
,,107906.0,0.0
,,108954.0,0.0
,,105927.0,0.0
,,108643.0,0.0
,,112284.0,0.0
,,110393.0,1.0
,,101418.0,0.0
,,108005.0,0.0
,,104638.0,0.0
,,109509.0,0.0
,,107331.0,0.0
,,107831.0,1.0
,,111438.0,0.0
,,104565.0,1.0
,,103429.0,0.0
,,105262.0,1.0
,,110842.0,0.0
,,105255.0,0.0
,,102446.0,0.0
,,105570.0,0.0
,,102946.0,0.0
,,112056.0,0.0
,,110619.0,0.0
,,112065.0,0.0
,,109724.0,0.0
,,107793.0,0.0
,,107482.0,0.0
,,103407.0,0.0
,,107697.0,0.0
,,103458.0,0.0
,,100803.0,0.0
,,102148.0,0.0
,,104177.0,0.0
,,110667.0,0.0
,,111181.0,0.0
,,107475.0,0.0
,,100784.0,0.0
,,111359.0,0.0
,,100193.0,0.0
,,103166.0,0.0
,,106998.0,0.0
,,101608.0,0.0
,,111316.0,0.0
,,108585.0,0.0
,,104654.0,0.0
,,101422.0,0.0
,,111715.0,0.0
,,110867.0,0.0
,,102799.0,0.0
,,105943.0,0.0
,,110155.0,0.0
,,104194.0,0.0
,,108026.0,0.0
,,100941.0,0.0
,,107839.0,0.0
,,108537.0,0.0
,,105075.0,0.0
,,104631.0,1.0
,,100841.0,0.0
,,100131.0,0.0
,,100145.0,0.0
,,107172.0,0.0
,,104652.0,0.0
,,109671.0,1.0
,,103771.0,0.0
,,109765.0,1.0
,,100556.0,0.0
,,104918.0,0.0
,,100078.0,0.0
,,111239.0,0.0
,,109971.0,0.0
,,103347.0,0.0
,,101896.0,0.0
,,107608.0,0.0
,,104068.0,0.0
,,102488.0,0.0
,,111119.0,1.0
,,109025.0,0.0
,,112225.0,0.0
,,103806.0,0.0
,,111280.0,0.0
,,108703.0,0.0
,,111006.0,0.0
,,106054.0,0.0
,,101130.0,0.0
,,102795.0,1.0
,,105775.0,0.0
,,101526.0,0.0
,,111251.0,0.0
,,100693.0,0.0
,,111889.0,0.0
,,101902.0,0.0
,,101279.0,0.0
,,104113.0,0.0
,,108381.0,0.0
,,105782.0,0.0
,,110527.0,0.0
,,102275.0,0.0
,,101615.0,0.0
,,109211.0,0.0
,,106126.0,0.0
,,100572.0,0.0
,,108745.0,0.0
,,111277.0,1.0
,,102653.0,0.0
,,106417.0,1.0
,,110144.0,0.0
,,100277.0,1.0
,,107846.0,0.0
,,104123.0,1.0
,,104621.0,0.0
,,101329.0,1.0
,,108993.0,0.0
,,104324.0,0.0
,,100156.0,0.0
,,101451.0,0.0
,,108137.0,0.0
,,111066.0,1.0
,,107510.0,0.0
,,103007.0,0.0
,,106900.0,1.0
,,100282.0,1.0
,,111776.0,0.0
,,111896.0,0.0
,,109462.0,0.0
,,103018.0,0.0
,,112315.0,0.0
,,104758.0,0.0
,,101877.0,0.0
,,112132.0,0.0
,,100499.0,0.0
,,106165.0,0.0
,,103447.0,0.0
,,108168.0,1.0
,,102746.0,0.0
,,103040.0,0.0
,,105549.0,1.0
,,106396.0,0.0
,,111058.0,0.0
,,106031.0,0.0
,,101827.0,0.0
,,108108.0,0.0
,,104344.0,0.0
,,105648.0,0.0
,,101557.0,0.0
,,106328.0,0.0
,,105037.0,0.0
,,109700.0,1.0
,,101981.0,0.0
,,104787.0,0.0
,,109482.0,1.0
,,110836.0,1.0
,,110821.0,0.0
,,108450.0,1.0
,,109370.0,0.0
,,102749.0,0.0
,,104928.0,0.0
,,106021.0,0.0
,,106795.0,0.0
,,103244.0,0.0
,,100817.0,0.0
,,105368.0,0.0
,,104115.0,0.0
,,106137.0,0.0
,,111103.0,0.0
,,105851.0,0.0
,,102567.0,0.0
,,102602.0,0.0
,,107370.0,0.0
,,107254.0,0.0
,,106715.0,0.0
,,107487.0,0.0
,,111756.0,0.0
,,100706.0,0.0
,,101387.0,0.0
,,101988.0,0.0
,,111233.0,1.0
,,104077.0,0.0
,,105160.0,0.0
,,109279.0,1.0
,,105702.0,0.0
,,109995.0,0.0
,,105517.0,1.0
,,105833.0,0.0
,,101497.0,0.0
,,105683.0,0.0
,,111350.0,1.0
,,111311.0,1.0
,,110955.0,0.0
,,103792.0,0.0
,,109757.0,0.0
,,104993.0,0.0
,,103106.0,1.0
,,108514.0,0.0
,,107309.0,1.0
,,109235.0,1.0
,,105534.0,0.0
,,100678.0,0.0
,,111879.0,0.0
,,111541.0,0.0
,,102957.0,1.0
,,109548.0,0.0
,,108802.0,0.0
,,112228.0,0.0
,,112120.0,0.0
,,104577.0,0.0
,,108193.0,0.0
,,106439.0,0.0
,,105896.0,1.0
,,111566.0,0.0
,,107585.0,0.0
,,110657.0,0.0
,,106495.0,1.0
,,109503.0,0.0
,,105056.0,0.0
,,104437.0,0.0
,,107517.0,1.0
,,100938.0,0.0
,,101381.0,0.0
,,100441.0,0.0
,,107218.0,0.0
,,108957.0,0.0
,,105288.0,0.0
,,103985.0,0.0
,,100806.0,0.0
,,111308.0,1.0
,,100857.0,0.0
,,109289.0,0.0
,,104040.0,0.0
,,108587.0,1.0
,,111586.0,1.0
,,104329.0,0.0
,,104255.0,0.0
,,106043.0,0.0
,,100658.0,0.0
,,102859.0,0.0
,,102355.0,0.0
,,110666.0,0.0
,,105280.0,0.0
,,111815.0,0.0
,,108232.0,0.0
,,107788.0,0.0
,,104041.0,0.0
,,107136.0,1.0
,,111089.0,1.0
,,103711.0,0.0
,,106844.0,0.0
,,111355.0,0.0
,,104218.0,0.0
,,107803.0,0.0
,,107135.0,0.0
,,101658.0,0.0
,,108653.0,0.0
,,112297.0,0.0
,,109638.0,0.0
,,108326.0,0.0
,,100465.0,0.0
,,111090.0,0.0
,,107274.0,0.0
,,109349.0,0.0
,,105124.0,1.0
,,108826.0,0.0
,,100628.0,0.0
,,104972.0,0.0
,,109080.0,0.0
,,112083.0,0.0
,,106207.0,0.0
,,101208.0,0.0
,,110910.0,0.0
,,105080.0,0.0
,,103173.0,0.0
,,103313.0,1.0
,,100652.0,0.0
,,105625.0,0.0
,,110034.0,0.0
,,106037.0,0.0
,,107052.0,0.0
,,111777.0,0.0
,,105151.0,0.0
,,101090.0,0.0
,,112054.0,0.0
,,106849.0,0.0
,,107893.0,0.0
,,110133.0,0.0
,,105346.0,0.0
,,103727.0,0.0
,,105118.0,0.0
,,104564.0,0.0
,,105525.0,1.0
,,103229.0,0.0
,,103649.0,0.0
,,107650.0,1.0
,,104074.0,0.0
,,112298.0,0.0
,,104059.0,0.0
,,104962.0,0.0
,,112081.0,0.0
,,105013.0,0.0
,,109259.0,1.0
,,101816.0,1.0
,,111871.0,1.0
,,106331.0,0.0
,,107340.0,0.0
,,106774.0,0.0
,,108480.0,1.0
,,101765.0,0.0
,,108998.0,0.0
,,100289.0,0.0
,,105829.0,0.0
,,101352.0,0.0
,,104789.0,0.0
,,103962.0,0.0
,,108772.0,0.0
,,112301.0,0.0
,,111024.0,0.0
,,100783.0,0.0
,,106767.0,0.0
,,103858.0,0.0
,,109008.0,0.0
,,101996.0,0.0
,,111235.0,0.0
,,109028.0,0.0
,,110285.0,1.0
,,107325.0,1.0
,,109439.0,0.0
,,104849.0,0.0
,,110468.0,0.0
,,109050.0,0.0
,,105103.0,0.0
,,106791.0,1.0
,,103124.0,0.0
,,110572.0,0.0
,,108598.0,0.0
,,109905.0,0.0
,,108032.0,0.0
,,112146.0,1.0
,,106664.0,0.0
,,104026.0,0.0
,,101511.0,0.0
,,101396.0,0.0
,,109752.0,0.0
,,109486.0,0.0
,,110897.0,0.0
,,104302.0,0.0
,,109496.0,0.0
,,102016.0,0.0
,,104558.0,0.0
,,108243.0,0.0
,,107251.0,1.0
,,104884.0,0.0
,,105700.0,0.0
,,102943.0,1.0
,,104029.0,0.0
,,107678.0,0.0
,,102676.0,0.0
,,111339.0,0.0
,,100685.0,0.0
,,100069.0,0.0
,,102888.0,1.0
,,111435.0,1.0
,,105245.0,1.0
,,100319.0,0.0
,,100259.0,0.0
,,103079.0,0.0
,,107586.0,0.0
,,111887.0,1.0
,,111174.0,0.0
,,104941.0,0.0
,,104942.0,1.0
,,109733.0,0.0
,,106357.0,0.0
,,111209.0,0.0
,,106300.0,0.0
,,101543.0,0.0
,,104282.0,0.0
,,112143.0,0.0
,,103589.0,1.0
,,104566.0,0.0
,,101539.0,1.0
,,104368.0,0.0
,,104186.0,1.0
,,107828.0,0.0
,,111153.0,1.0
,,101184.0,1.0
,,105632.0,0.0
,,108084.0,0.0
,,104112.0,0.0
,,100901.0,0.0
,,107590.0,0.0
,,111891.0,1.0
,,106564.0,1.0
,,105130.0,0.0
,,110959.0,1.0
,,100306.0,0.0
,,101748.0,0.0
,,110392.0,0.0
,,102511.0,0.0
,,103522.0,0.0
,,110085.0,0.0
,,102817.0,0.0
,,111188.0,0.0
,,102647.0,0.0
,,106776.0,0.0
,,108707.0,0.0
,,100791.0,0.0
,,109374.0,0.0
,,101751.0,0.0
,,106854.0,0.0
,,101671.0,0.0
,,112031.0,0.0
,,105294.0,0.0
,,107488.0,0.0
,,109983.0,1.0
,,106456.0,0.0
,,110709.0,0.0
,,105787.0,1.0
,,107601.0,0.0
,,104163.0,0.0
,,111031.0,0.0
,,104714.0,0.0
,,108096.0,0.0
,,100317.0,0.0
,,102907.0,1.0
,,105587.0,1.0
,,111116.0,0.0
,,111990.0,0.0
,,102239.0,0.0
,,103242.0,0.0
,,108178.0,0.0
,,106057.0,0.0
,,103722.0,0.0
,,107884.0,0.0
,,109158.0,1.0
,,105278.0,1.0
,,109037.0,0.0
,,106422.0,0.0
,,101528.0,0.0
,,108041.0,0.0
,,106269.0,0.0
,,111654.0,1.0
,,102890.0,0.0
,,107354.0,1.0
,,109117.0,0.0
,,100764.0,0.0
,,104024.0,1.0
,,110732.0,0.0
,,106430.0,1.0
,,105580.0,1.0
,,109947.0,0.0
,,111097.0,0.0
,,103144.0,0.0
,,100859.0,1.0
,,111480.0,0.0
,,110530.0,0.0
,,108184.0,0.0
,,105670.0,0.0
,,101962.0,0.0
,,102494.0,0.0
,,103343.0,0.0
,,106942.0,0.0
,,103983.0,0.0
,,101865.0,0.0
,,101155.0,0.0
,,108796.0,0.0
,,102718.0,0.0
,,111384.0,0.0
,,102269.0,0.0
,,107931.0,0.0
,,100733.0,0.0
,,101292.0,0.0
,,109628.0,0.0
,,107178.0,0.0
,,104046.0,0.0
,,103818.0,1.0
,,109389.0,0.0
,,101201.0,0.0
,,102413.0,1.0
,,104589.0,0.0
,,108176.0,0.0
,,104394.0,0.0
,,107977.0,0.0
,,105084.0,0.0
,,106050.0,0.0
,,103687.0,0.0
,,102141.0,0.0
,,104581.0,0.0
,,105389.0,0.0
,,106675.0,0.0
,,101070.0,0.0
,,109020.0,1.0
,,101921.0,0.0
,,101347.0,0.0
,,100537.0,0.0
,,108523.0,0.0
,,107724.0,0.0
,,107459.0,0.0
,,110247.0,0.0
,,101024.0,0.0
,,102699.0,0.0
,,109928.0,0.0
,,105359.0,0.0
,,108646.0,1.0
,,108030.0,0.0
,,105607.0,0.0
,,110444.0,0.0
,,102552.0,0.0
,,111030.0,0.0
,,106513.0,0.0
,,109723.0,0.0
,,108517.0,0.0
,,104837.0,0.0
,,110428.0,1.0
,,102082.0,0.0
,,112215.0,0.0
,,100463.0,0.0
,,101185.0,0.0
,,104867.0,0.0
,,110783.0,0.0
,,106485.0,0.0
,,109456.0,0.0
,,104609.0,0.0
,,108726.0,0.0
,,101538.0,0.0
,,108283.0,0.0
,,106976.0,0.0
,,110933.0,0.0
,,102405.0,0.0
,,107467.0,1.0
,,108921.0,0.0
,,101993.0,0.0
,,105933.0,0.0
,,106905.0,0.0
,,104159.0,0.0
,,102290.0,0.0
,,104392.0,0.0
,,102687.0,0.0
,,105843.0,0.0
,,107438.0,0.0
,,105042.0,0.0
,,101691.0,0.0
,,101364.0,0.0
,,109981.0,0.0
,,110747.0,1.0
,,105040.0,0.0
,,107119.0,0.0
,,108525.0,0.0
,,102745.0,0.0
,,104804.0,0.0
,,112261.0,0.0
,,108644.0,0.0
,,104210.0,0.0
,,110704.0,0.0
,,101708.0,0.0
,,107035.0,0.0
,,107286.0,0.0
,,109431.0,0.0
,,102051.0,0.0
,,112293.0,0.0
,,107465.0,0.0
,,108431.0,0.0
,,101655.0,1.0
,,106381.0,0.0
,,108405.0,0.0
,,100853.0,0.0
,,103772.0,0.0
,,107145.0,0.0
,,107980.0,0.0
,,104998.0,0.0
,,103420.0,0.0
,,110069.0,0.0
,,103081.0,0.0
,,111635.0,0.0
,,106712.0,0.0
,,107005.0,0.0
,,103251.0,0.0
,,101917.0,0.0
,,101939.0,0.0
,,110051.0,0.0
,,112208.0,0.0
,,110969.0,0.0
,,111883.0,0.0
,,106348.0,0.0
,,107982.0,0.0
,,103207.0,0.0
,,103637.0,0.0
,,110584.0,1.0
,,102345.0,0.0
,,103917.0,0.0
,,101146.0,0.0
,,100734.0,0.0
,,110185.0,0.0
,,112008.0,0.0
,,104513.0,0.0
,,105704.0,0.0
,,101249.0,0.0
,,107287.0,0.0
,,106303.0,1.0
,,109799.0,0.0
,,111591.0,0.0
,,109553.0,0.0
,,112189.0,1.0
,,108325.0,0.0
,,111669.0,0.0
,,110269.0,1.0
,,101440.0,0.0
,,104937.0,0.0
,,101232.0,0.0
,,108573.0,0.0
,,111065.0,0.0
,,103623.0,0.0
,,106700.0,1.0
,,111212.0,0.0
,,108789.0,0.0
,,106640.0,0.0
,,104716.0,0.0
,,104488.0,0.0
,,110230.0,0.0
,,112190.0,0.0
,,100148.0,0.0
,,106350.0,0.0
,,107662.0,0.0
,,112145.0,0.0
,,104826.0,0.0
,,100097.0,0.0
,,111044.0,0.0
,,104648.0,0.0
,,107981.0,1.0
,,100807.0,1.0
,,104278.0,1.0
,,106798.0,0.0
,,107644.0,0.0
,,101001.0,0.0
,,100564.0,0.0
,,100382.0,0.0
,,106701.0,0.0
,,110122.0,0.0
,,107183.0,0.0
,,107649.0,0.0
,,100380.0,1.0
,,102198.0,0.0
,,105149.0,0.0
,,108361.0,0.0
,,105057.0,0.0
,,100163.0,0.0
,,111060.0,0.0
,,107626.0,1.0
,,105319.0,0.0
,,107804.0,0.0
,,107455.0,0.0
,,110894.0,0.0
,,105531.0,1.0
,,102681.0,0.0
,,100646.0,0.0
,,111520.0,1.0
,,105645.0,1.0
,,110543.0,0.0
,,104727.0,0.0
,,108530.0,0.0
,,100006.0,0.0
,,101270.0,0.0
,,110563.0,0.0
,,110690.0,0.0
,,103542.0,0.0
,,104813.0,0.0
,,104187.0,0.0
,,103862.0,0.0
,,111984.0,1.0
,,111759.0,0.0
,,112123.0,0.0
,,110566.0,0.0
,,105166.0,0.0
,,100800.0,0.0
,,107634.0,0.0
,,111802.0,0.0
,,109619.0,0.0
,,105392.0,0.0
,,108297.0,1.0
,,108257.0,0.0
,,103893.0,0.0
,,104523.0,0.0
,,110345.0,0.0
,,109443.0,1.0
,,107849.0,0.0
,,110849.0,0.0
,,102735.0,0.0
,,103355.0,0.0
,,109861.0,1.0
,,110632.0,0.0
,,107535.0,0.0
,,100982.0,0.0
,,107323.0,0.0
,,103187.0,0.0
,,104144.0,0.0
,,103426.0,0.0
,,109306.0,0.0
,,111774.0,0.0
,,106915.0,0.0
,,110510.0,1.0
,,103024.0,0.0
,,109950.0,0.0
,,107727.0,0.0
,,105155.0,0.0
,,112070.0,0.0
,,104696.0,0.0
,,101835.0,0.0
,,103593.0,0.0
,,107143.0,1.0
,,111542.0,1.0
,,109068.0,0.0
,,111913.0,1.0
,,102762.0,0.0
,,112051.0,0.0
,,106533.0,0.0
,,111207.0,0.0
,,104149.0,0.0
,,101457.0,0.0
,,106599.0,0.0
,,110754.0,0.0
,,108819.0,1.0
,,100253.0,0.0
,,106614.0,1.0
,,101911.0,0.0
,,103679.0,0.0
,,103694.0,0.0
,,105252.0,0.0
,,105381.0,0.0
,,101866.0,0.0
,,111293.0,0.0
,,110864.0,1.0
,,106338.0,1.0
,,102879.0,0.0
,,103262.0,0.0
,,102226.0,0.0
,,101660.0,0.0
,,103453.0,0.0
,,102607.0,0.0
,,103802.0,0.0
,,111370.0,0.0
,,100917.0,0.0
,,104687.0,0.0
,,108236.0,0.0
,,108793.0,0.0
,,110791.0,0.0
,,112014.0,1.0
,,100716.0,0.0
,,108862.0,1.0
,,102003.0,0.0
,,107751.0,1.0
,,104083.0,0.0
,,110925.0,0.0
,,103848.0,0.0
,,104202.0,0.0
,,100996.0,0.0
,,105070.0,0.0
,,104999.0,1.0
,,102666.0,0.0
,,109866.0,0.0
,,110958.0,0.0
,,106283.0,1.0
,,104552.0,0.0
,,108642.0,0.0
,,108201.0,0.0
,,111554.0,0.0
,,108902.0,1.0
,,111470.0,0.0
,,109262.0,0.0
,,104679.0,0.0
,,104365.0,0.0
,,109318.0,0.0
,,102480.0,0.0
,,110118.0,0.0
,,112118.0,1.0
,,104647.0,0.0
,,102928.0,1.0
,,101252.0,1.0
,,109790.0,0.0
,,100326.0,0.0
,,101315.0,0.0
,,105261.0,1.0
,,102339.0,0.0
,,109127.0,0.0
,,112204.0,0.0
,,107932.0,0.0
,,100391.0,0.0
,,110008.0,0.0
,,102747.0,0.0
,,104315.0,0.0
,,111205.0,0.0
,,108479.0,0.0
,,104280.0,0.0
,,111087.0,0.0
,,106369.0,0.0
,,109583.0,0.0
,,102986.0,0.0
,,110940.0,0.0
,,109003.0,0.0
,,106535.0,0.0
,,102929.0,0.0
,,104602.0,0.0
,,111943.0,0.0
,,100667.0,0.0
,,103578.0,0.0
,,106801.0,0.0
,,110729.0,0.0
,,100392.0,0.0
,,100648.0,1.0
,,110915.0,0.0
,,107904.0,0.0
,,102343.0,0.0
,,110166.0,0.0
,,103517.0,1.0
,,106559.0,0.0
,,102944.0,0.0
,,101280.0,0.0
,,112203.0,0.0
,,100099.0,0.0
,,105435.0,0.0
,,100969.0,0.0
,,111856.0,0.0
,,111752.0,0.0
,,108371.0,0.0
,,105453.0,0.0
,,110202.0,0.0
,,108154.0,0.0
,,102067.0,0.0
,,109558.0,0.0
,,103366.0,0.0
,,100997.0,0.0
,,101506.0,0.0
,,102829.0,0.0
,,110087.0,0.0
,,109382.0,0.0
,,110015.0,0.0
,,106788.0,0.0
,,107350.0,0.0
,,106912.0,0.0
,,105707.0,0.0
,,112076.0,0.0
,,102471.0,0.0
,,111228.0,0.0
,,109779.0,0.0
,,108337.0,0.0
,,110793.0,0.0
,,104473.0,0.0
,,102995.0,0.0
,,108989.0,0.0
,,110182.0,0.0
,,107264.0,0.0
,,105990.0,0.0
,,101585.0,0.0
,,109368.0,0.0
,,102611.0,0.0
,,102434.0,0.0
,,101535.0,0.0
,,106142.0,1.0
,,104671.0,0.0
,,103378.0,1.0
,,108494.0,0.0
,,106908.0,0.0
,,104411.0,0.0
,,102828.0,0.0
,,101853.0,0.0
,,106276.0,0.0
,,102261.0,1.0
,,105270.0,0.0
,,101209.0,0.0
,,106185.0,0.0
,,105600.0,0.0
,,103803.0,0.0
,,102503.0,0.0
,,105855.0,0.0
,,105887.0,0.0
,,108971.0,0.0
,,109856.0,0.0
,,100519.0,0.0
,,109690.0,0.0
,,108555.0,0.0
,,110997.0,0.0
,,105844.0,1.0
,,108422.0,0.0
,,110950.0,0.0
,,110289.0,0.0
,,102181.0,0.0
,,107436.0,0.0
,,112274.0,1.0
,,109694.0,0.0
,,104192.0,0.0
,,105247.0,0.0
,,103050.0,0.0
,,111221.0,0.0
,,109948.0,0.0
,,110648.0,0.0
,,108268.0,0.0
,,104152.0,0.0
,,109761.0,0.0
,,103726.0,0.0
,,100840.0,0.0
,,105218.0,0.0
,,109114.0,0.0
,,103982.0,0.0
,,107127.0,0.0
,,103397.0,0.0
,,104037.0,0.0
,,110277.0,0.0
,,101311.0,0.0
,,100245.0,0.0
,,111129.0,0.0
,,112159.0,0.0
,,110423.0,0.0
,,110920.0,0.0
,,106362.0,0.0
,,109610.0,0.0
,,103310.0,0.0
,,102429.0,0.0
,,111694.0,1.0
,,108049.0,0.0
,,111886.0,0.0
,,107010.0,0.0
,,103263.0,0.0
,,103785.0,0.0
,,103399.0,0.0
,,105199.0,0.0
,,110310.0,0.0
,,109778.0,1.0
,,105167.0,1.0
,,106971.0,0.0
,,106324.0,0.0
,,111414.0,0.0
,,111540.0,0.0
,,111302.0,1.0
,,106484.0,0.0
,,111386.0,0.0
,,110065.0,0.0
,,107105.0,0.0
,,109263.0,0.0
,,104234.0,0.0
,,103264.0,0.0
,,103037.0,0.0
,,100718.0,0.0
,,104379.0,0.0
,,101018.0,0.0
,,102954.0,0.0
,,110499.0,0.0
,,107418.0,0.0
,,107330.0,0.0
,,104307.0,0.0
,,107266.0,0.0
,,106121.0,0.0
,,105767.0,0.0
,,110898.0,0.0
,,105101.0,0.0
,,104700.0,0.0
,,110374.0,0.0
,,102411.0,0.0
,,110416.0,0.0
,,106425.0,0.0
,,101944.0,0.0
,,108568.0,0.0
,,108887.0,0.0
,,102721.0,0.0
,,109442.0,0.0
,,104435.0,0.0
,,108709.0,0.0
,,105358.0,0.0
,,111929.0,0.0
,,104711.0,0.0
